<?xml version="1.0" encoding="utf-8"?>
<resources>
    <color name="purple_200">#FFBB86FC</color>
    <color name="purple_500">#FF6200EE</color>
    <color name="purple_700">#FF3700B3</color>
    <color name="teal_200">#FF03DAC5</color>
    <color name="teal_700">#FF018786</color>
    <color name="black">#FF000000</color>
    <color name="white">#FFFFFFFF</color>
    <color name="red">#F44336</color>
    <color name="splashBackground">#D7CCC8</color>
    <color name="splashText">#212121</color>
    <color name="textBackground">#B2EBF2</color>
    <color name="textColor">#212121</color>

    <color name="black_overlay">#66000000</color>
</resources>